<?xml version="1.0" encoding="UTF-8"?>
<!DOCTYPE manifest PUBLIC "-//MECA//DTD Manifest v1.0//en" "MECA_manifest.dtd">
<manifest manifest-version="1" xmlns="https://manuscriptexchange.org/schema/manifest" xmlns:xlink="http://www.w3.org/1999/xlink">
  <item item-type="article-metadata">
    <instance media-type="text/xml" xlink:href="index.xml"/>
  </item>
  <item item-type="manuscript">
    <instance media-type="application/pdf" xlink:href="index.pdf"/>
  </item>
  <item item-type="manuscript">
    <instance media-type="application/vnd.openxmlformats-officedocument.wordprocessingml.document" xlink:href="index.docx"/>
  </item>
  <item item-type="manuscript">
    <instance media-type="text/plain" xlink:href="_tex\\index.tex"/>
  </item>
  <item item-type="manuscript-supporting-file">
    <instance media-type="image/png" xlink:href="index_files\\figure-jats\\fig-timeline-1.png"/>
  </item>
  <item item-type="manuscript-supporting-file">
    <instance media-type="image/png" xlink:href="index_files\\figure-jats\\notebooks-explore-earthquakes-fig-spatial-plot-output-1.png"/>
  </item>
  <item item-type="manuscript-supporting-file">
    <instance media-type="image/png" xlink:href="05-make-figures_files\\figure-jats\\unnamed-chunk-12-1.png"/>
  </item>
  <item item-type="manuscript-supporting-file">
    <instance media-type="image/png" xlink:href="05-make-figures_files\\figure-jats\\unnamed-chunk-13-1.png"/>
  </item>
  <item item-type="manuscript-supporting-file">
    <instance media-type="image/png" xlink:href="05-make-figures_files\\figure-jats\\unnamed-chunk-14-1.png"/>
  </item>
  <item item-type="manuscript-supporting-file">
    <instance media-type="image/png" xlink:href="05-make-figures_files\\figure-jats\\unnamed-chunk-16-1.png"/>
  </item>
  <item item-type="manuscript-supporting-file">
    <instance media-type="image/png" xlink:href="05-make-figures_files\\figure-jats\\unnamed-chunk-19-1.png"/>
  </item>
  <item item-type="manuscript-supporting-file">
    <instance media-type="image/png" xlink:href="05-make-figures_files\\figure-jats\\unnamed-chunk-21-1.png"/>
  </item>
  <item item-type="manuscript-supporting-file">
    <instance media-type="image/png" xlink:href="05-make-figures_files\\figure-jats\\unnamed-chunk-22-1.png"/>
  </item>
  <item item-type="manuscript-supporting-file">
    <instance media-type="image/png" xlink:href="05-make-figures_files\\figure-jats\\unnamed-chunk-23-1.png"/>
  </item>
  <item item-type="manuscript-supporting-file">
    <instance media-type="image/png" xlink:href="05-make-figures_files\\figure-jats\\unnamed-chunk-24-1.png"/>
  </item>
  <item item-type="manuscript-supporting-file">
    <instance media-type="image/png" xlink:href="05-make-figures_files\\figure-jats\\unnamed-chunk-6-1.png"/>
  </item>
  <item item-type="manuscript-supporting-file">
    <instance media-type="image/png" xlink:href="05-make-figures_files\\figure-jats\\unnamed-chunk-7-1.png"/>
  </item>
  <item item-type="manuscript-supporting-file">
    <instance media-type="image/png" xlink:href="05-make-figures_files\\figure-jats\\unnamed-chunk-8-1.png"/>
  </item>
  <item item-type="manuscript-supporting-file">
    <instance media-type="image/png" xlink:href="05-make-figures_files\\figure-jats\\unnamed-chunk-9-1.png"/>
  </item>
  <item item-type="manuscript-supporting-file">
    <instance media-type="application/pdf" xlink:href="_tex\\index_files\\figure-pdf\\fig-timeline-1.pdf"/>
  </item>
  <item item-type="manuscript-supporting-file">
    <instance media-type="image/jpeg" xlink:href="_tex\\images\\rmse_slim_bycultivar.jpeg"/>
  </item>
  <item item-type="manuscript-supporting-file">
    <instance media-type="application/octet-stream" xlink:href="_tex\\agujournal2019.cls"/>
  </item>
  <item item-type="manuscript-supporting-file">
    <instance media-type="application/octet-stream" xlink:href="_tex\\references.bib"/>
  </item>
  <item item-type="manuscript-supporting-file">
    <instance media-type="image/jpeg" xlink:href="images\\rmse_slim_bycultivar.jpeg"/>
  </item>
  <item item-type="manuscript-supporting-file">
    <instance media-type="application/octet-stream" xlink:href="index.qmd"/>
  </item>
  <item item-type="manuscript-supporting-file">
    <instance media-type="application/octet-stream" xlink:href="notebooks\\01-prepare-phenology.qmd"/>
  </item>
  <item item-type="manuscript-supporting-file">
    <instance media-type="application/octet-stream" xlink:href="notebooks\\02-calibrate-almond.qmd"/>
  </item>
  <item item-type="manuscript-supporting-file">
    <instance media-type="application/octet-stream" xlink:href="notebooks\\03-calibrate-apricot.qmd"/>
  </item>
  <item item-type="manuscript-supporting-file">
    <instance media-type="application/octet-stream" xlink:href="notebooks\\04-calibrate-cherry.qmd"/>
  </item>
  <item item-type="manuscript-supporting-file">
    <instance media-type="application/octet-stream" xlink:href="notebooks\\05-make-figures.qmd"/>
  </item>
  <item item-type="article-source">
    <instance media-type="application/octet-stream" xlink:href="source\\.github\\workflows\\publish.yml"/>
  </item>
  <item item-type="article-source">
    <instance media-type="application/octet-stream" xlink:href="source\\.gitignore"/>
  </item>
  <item item-type="article-source">
    <instance media-type="text/markdown" xlink:href="source\\README.md"/>
  </item>
  <item item-type="article-source">
    <instance media-type="application/octet-stream" xlink:href="source\\_extensions\\quarto-journals\\agu\\_extension.yml"/>
  </item>
  <item item-type="article-source">
    <instance media-type="application/octet-stream" xlink:href="source\\_extensions\\quarto-journals\\agu\\agu.lua"/>
  </item>
  <item item-type="article-source">
    <instance media-type="application/octet-stream" xlink:href="source\\_extensions\\quarto-journals\\agu\\agujournal2019.cls"/>
  </item>
  <item item-type="article-source">
    <instance media-type="application/octet-stream" xlink:href="source\\_extensions\\quarto-journals\\agu\\american-geophysical-union.csl"/>
  </item>
  <item item-type="article-source">
    <instance media-type="text/plain" xlink:href="source\\_extensions\\quarto-journals\\agu\\partials\\_affiliations.tex"/>
  </item>
  <item item-type="article-source">
    <instance media-type="text/plain" xlink:href="source\\_extensions\\quarto-journals\\agu\\partials\\_authors.tex"/>
  </item>
  <item item-type="article-source">
    <instance media-type="text/plain" xlink:href="source\\_extensions\\quarto-journals\\agu\\partials\\_corresponding-author.tex"/>
  </item>
  <item item-type="article-source">
    <instance media-type="text/plain" xlink:href="source\\_extensions\\quarto-journals\\agu\\partials\\before-body.tex"/>
  </item>
  <item item-type="article-source">
    <instance media-type="text/plain" xlink:href="source\\_extensions\\quarto-journals\\agu\\partials\\title.tex"/>
  </item>
  <item item-type="article-source">
    <instance media-type="application/octet-stream" xlink:href="source\\_extensions\\quarto-journals\\agu\\trackchanges.sty"/>
  </item>
  <item item-type="article-source">
    <instance media-type="application/json" xlink:href="source\\_freeze\\index\\execute-results\\docx.json"/>
  </item>
  <item item-type="article-source">
    <instance media-type="application/json" xlink:href="source\\_freeze\\index\\execute-results\\html.json"/>
  </item>
  <item item-type="article-source">
    <instance media-type="application/json" xlink:href="source\\_freeze\\index\\execute-results\\tex.json"/>
  </item>
  <item item-type="article-source">
    <instance media-type="application/json" xlink:href="source\\_freeze\\index\\execute-results\\xml.json"/>
  </item>
  <item item-type="article-source">
    <instance media-type="image/png" xlink:href="source\\_freeze\\index\\figure-docx\\fig-timeline-1.png"/>
  </item>
  <item item-type="article-source">
    <instance media-type="image/png" xlink:href="source\\_freeze\\index\\figure-docx\\notebooks-explore-earthquakes-fig-spatial-plot-output-1.png"/>
  </item>
  <item item-type="article-source">
    <instance media-type="image/png" xlink:href="source\\_freeze\\index\\figure-html\\fig-timeline-1.png"/>
  </item>
  <item item-type="article-source">
    <instance media-type="image/png" xlink:href="source\\_freeze\\index\\figure-html\\notebooks-explore-earthquakes-fig-spatial-plot-output-1.png"/>
  </item>
  <item item-type="article-source">
    <instance media-type="image/png" xlink:href="source\\_freeze\\index\\figure-ipynb\\notebooks-explore-earthquakes-fig-spatial-plot-output-1.png"/>
  </item>
  <item item-type="article-source">
    <instance media-type="image/png" xlink:href="source\\_freeze\\index\\figure-jats\\fig-timeline-1.png"/>
  </item>
  <item item-type="article-source">
    <instance media-type="image/png" xlink:href="source\\_freeze\\index\\figure-jats\\notebooks-explore-earthquakes-fig-spatial-plot-output-1.png"/>
  </item>
  <item item-type="article-source">
    <instance media-type="application/pdf" xlink:href="source\\_freeze\\index\\figure-pdf\\fig-timeline-1.pdf"/>
  </item>
  <item item-type="article-source">
    <instance media-type="application/json" xlink:href="source\\_freeze\\notebooks\\01-prepare-phenology\\execute-results\\html.json"/>
  </item>
  <item item-type="article-source">
    <instance media-type="application/json" xlink:href="source\\_freeze\\notebooks\\01-prepare-phenology\\execute-results\\xml.json"/>
  </item>
  <item item-type="article-source">
    <instance media-type="application/json" xlink:href="source\\_freeze\\notebooks\\02-calibrate-almond\\execute-results\\html.json"/>
  </item>
  <item item-type="article-source">
    <instance media-type="application/json" xlink:href="source\\_freeze\\notebooks\\02-calibrate-almond\\execute-results\\xml.json"/>
  </item>
  <item item-type="article-source">
    <instance media-type="application/json" xlink:href="source\\_freeze\\notebooks\\03-calibrate-apricot\\execute-results\\html.json"/>
  </item>
  <item item-type="article-source">
    <instance media-type="application/json" xlink:href="source\\_freeze\\notebooks\\03-calibrate-apricot\\execute-results\\xml.json"/>
  </item>
  <item item-type="article-source">
    <instance media-type="application/json" xlink:href="source\\_freeze\\notebooks\\04-calibrate-cherry\\execute-results\\html.json"/>
  </item>
  <item item-type="article-source">
    <instance media-type="application/json" xlink:href="source\\_freeze\\notebooks\\04-calibrate-cherry\\execute-results\\xml.json"/>
  </item>
  <item item-type="article-source">
    <instance media-type="application/json" xlink:href="source\\_freeze\\notebooks\\05-make-figures\\execute-results\\html.json"/>
  </item>
  <item item-type="article-source">
    <instance media-type="application/json" xlink:href="source\\_freeze\\notebooks\\05-make-figures\\execute-results\\xml.json"/>
  </item>
  <item item-type="article-source">
    <instance media-type="image/png" xlink:href="source\\_freeze\\notebooks\\05-make-figures\\figure-html\\unnamed-chunk-12-1.png"/>
  </item>
  <item item-type="article-source">
    <instance media-type="image/png" xlink:href="source\\_freeze\\notebooks\\05-make-figures\\figure-html\\unnamed-chunk-13-1.png"/>
  </item>
  <item item-type="article-source">
    <instance media-type="image/png" xlink:href="source\\_freeze\\notebooks\\05-make-figures\\figure-html\\unnamed-chunk-14-1.png"/>
  </item>
  <item item-type="article-source">
    <instance media-type="image/png" xlink:href="source\\_freeze\\notebooks\\05-make-figures\\figure-html\\unnamed-chunk-16-1.png"/>
  </item>
  <item item-type="article-source">
    <instance media-type="image/png" xlink:href="source\\_freeze\\notebooks\\05-make-figures\\figure-html\\unnamed-chunk-18-1.png"/>
  </item>
  <item item-type="article-source">
    <instance media-type="image/png" xlink:href="source\\_freeze\\notebooks\\05-make-figures\\figure-html\\unnamed-chunk-19-1.png"/>
  </item>
  <item item-type="article-source">
    <instance media-type="image/png" xlink:href="source\\_freeze\\notebooks\\05-make-figures\\figure-html\\unnamed-chunk-21-1.png"/>
  </item>
  <item item-type="article-source">
    <instance media-type="image/png" xlink:href="source\\_freeze\\notebooks\\05-make-figures\\figure-html\\unnamed-chunk-22-1.png"/>
  </item>
  <item item-type="article-source">
    <instance media-type="image/png" xlink:href="source\\_freeze\\notebooks\\05-make-figures\\figure-html\\unnamed-chunk-23-1.png"/>
  </item>
  <item item-type="article-source">
    <instance media-type="image/png" xlink:href="source\\_freeze\\notebooks\\05-make-figures\\figure-html\\unnamed-chunk-24-1.png"/>
  </item>
  <item item-type="article-source">
    <instance media-type="image/png" xlink:href="source\\_freeze\\notebooks\\05-make-figures\\figure-html\\unnamed-chunk-6-1.png"/>
  </item>
  <item item-type="article-source">
    <instance media-type="image/png" xlink:href="source\\_freeze\\notebooks\\05-make-figures\\figure-html\\unnamed-chunk-7-1.png"/>
  </item>
  <item item-type="article-source">
    <instance media-type="image/png" xlink:href="source\\_freeze\\notebooks\\05-make-figures\\figure-html\\unnamed-chunk-8-1.png"/>
  </item>
  <item item-type="article-source">
    <instance media-type="image/png" xlink:href="source\\_freeze\\notebooks\\05-make-figures\\figure-html\\unnamed-chunk-9-1.png"/>
  </item>
  <item item-type="article-source">
    <instance media-type="image/png" xlink:href="source\\_freeze\\notebooks\\05-make-figures\\figure-jats\\unnamed-chunk-12-1.png"/>
  </item>
  <item item-type="article-source">
    <instance media-type="image/png" xlink:href="source\\_freeze\\notebooks\\05-make-figures\\figure-jats\\unnamed-chunk-13-1.png"/>
  </item>
  <item item-type="article-source">
    <instance media-type="image/png" xlink:href="source\\_freeze\\notebooks\\05-make-figures\\figure-jats\\unnamed-chunk-14-1.png"/>
  </item>
  <item item-type="article-source">
    <instance media-type="image/png" xlink:href="source\\_freeze\\notebooks\\05-make-figures\\figure-jats\\unnamed-chunk-16-1.png"/>
  </item>
  <item item-type="article-source">
    <instance media-type="image/png" xlink:href="source\\_freeze\\notebooks\\05-make-figures\\figure-jats\\unnamed-chunk-19-1.png"/>
  </item>
  <item item-type="article-source">
    <instance media-type="image/png" xlink:href="source\\_freeze\\notebooks\\05-make-figures\\figure-jats\\unnamed-chunk-21-1.png"/>
  </item>
  <item item-type="article-source">
    <instance media-type="image/png" xlink:href="source\\_freeze\\notebooks\\05-make-figures\\figure-jats\\unnamed-chunk-22-1.png"/>
  </item>
  <item item-type="article-source">
    <instance media-type="image/png" xlink:href="source\\_freeze\\notebooks\\05-make-figures\\figure-jats\\unnamed-chunk-23-1.png"/>
  </item>
  <item item-type="article-source">
    <instance media-type="image/png" xlink:href="source\\_freeze\\notebooks\\05-make-figures\\figure-jats\\unnamed-chunk-24-1.png"/>
  </item>
  <item item-type="article-source">
    <instance media-type="image/png" xlink:href="source\\_freeze\\notebooks\\05-make-figures\\figure-jats\\unnamed-chunk-6-1.png"/>
  </item>
  <item item-type="article-source">
    <instance media-type="image/png" xlink:href="source\\_freeze\\notebooks\\05-make-figures\\figure-jats\\unnamed-chunk-7-1.png"/>
  </item>
  <item item-type="article-source">
    <instance media-type="image/png" xlink:href="source\\_freeze\\notebooks\\05-make-figures\\figure-jats\\unnamed-chunk-8-1.png"/>
  </item>
  <item item-type="article-source">
    <instance media-type="image/png" xlink:href="source\\_freeze\\notebooks\\05-make-figures\\figure-jats\\unnamed-chunk-9-1.png"/>
  </item>
  <item item-type="article-source">
    <instance media-type="application/json" xlink:href="source\\_freeze\\notebooks\\explore-earthquakes\\execute-results\\html.json"/>
  </item>
  <item item-type="article-source">
    <instance media-type="application/json" xlink:href="source\\_freeze\\notebooks\\explore-earthquakes\\execute-results\\ipynb.json"/>
  </item>
  <item item-type="article-source">
    <instance media-type="application/json" xlink:href="source\\_freeze\\notebooks\\explore-earthquakes\\execute-results\\xml.json"/>
  </item>
  <item item-type="article-source">
    <instance media-type="image/png" xlink:href="source\\_freeze\\notebooks\\explore-earthquakes\\figure-html\\fig-spatial-plot-1.png"/>
  </item>
  <item item-type="article-source">
    <instance media-type="image/png" xlink:href="source\\_freeze\\notebooks\\explore-earthquakes\\figure-ipynb\\fig-spatial-plot-1.png"/>
  </item>
  <item item-type="article-source">
    <instance media-type="image/png" xlink:href="source\\_freeze\\notebooks\\explore-earthquakes\\figure-jats\\fig-spatial-plot-1.png"/>
  </item>
  <item item-type="article-source">
    <instance media-type="text/css" xlink:href="source\\_freeze\\site_libs\\bootstrap\\bootstrap-32162a2fca7cb0439643f2faaab1edf3.min.css"/>
  </item>
  <item item-type="article-source">
    <instance media-type="text/css" xlink:href="source\\_freeze\\site_libs\\bootstrap\\bootstrap-icons.css"/>
  </item>
  <item item-type="article-source">
    <instance media-type="application/font-woff" xlink:href="source\\_freeze\\site_libs\\bootstrap\\bootstrap-icons.woff"/>
  </item>
  <item item-type="article-source">
    <instance media-type="text/css" xlink:href="source\\_freeze\\site_libs\\bootstrap\\bootstrap.min.css"/>
  </item>
  <item item-type="article-source">
    <instance media-type="application/javascript" xlink:href="source\\_freeze\\site_libs\\bootstrap\\bootstrap.min.js"/>
  </item>
  <item item-type="article-source">
    <instance media-type="application/javascript" xlink:href="source\\_freeze\\site_libs\\clipboard\\clipboard.min.js"/>
  </item>
  <item item-type="article-source">
    <instance media-type="application/javascript" xlink:href="source\\_freeze\\site_libs\\kePrint-0.0.1\\kePrint.js"/>
  </item>
  <item item-type="article-source">
    <instance media-type="text/css" xlink:href="source\\_freeze\\site_libs\\lightable-0.0.1\\lightable.css"/>
  </item>
  <item item-type="article-source">
    <instance media-type="application/javascript" xlink:href="source\\_freeze\\site_libs\\manuscript-notebook\\headroom.min.js"/>
  </item>
  <item item-type="article-source">
    <instance media-type="text/css" xlink:href="source\\_freeze\\site_libs\\quarto-contrib\\glightbox\\glightbox.min.css"/>
  </item>
  <item item-type="article-source">
    <instance media-type="application/javascript" xlink:href="source\\_freeze\\site_libs\\quarto-contrib\\glightbox\\glightbox.min.js"/>
  </item>
  <item item-type="article-source">
    <instance media-type="text/css" xlink:href="source\\_freeze\\site_libs\\quarto-contrib\\glightbox\\lightbox.css"/>
  </item>
  <item item-type="article-source">
    <instance media-type="application/javascript" xlink:href="source\\_freeze\\site_libs\\quarto-html\\anchor.min.js"/>
  </item>
  <item item-type="article-source">
    <instance media-type="application/javascript" xlink:href="source\\_freeze\\site_libs\\quarto-html\\popper.min.js"/>
  </item>
  <item item-type="article-source">
    <instance media-type="text/css" xlink:href="source\\_freeze\\site_libs\\quarto-html\\quarto-syntax-highlighting-2f5df379a58b258e96c21c0638c20c03.css"/>
  </item>
  <item item-type="article-source">
    <instance media-type="text/css" xlink:href="source\\_freeze\\site_libs\\quarto-html\\quarto-syntax-highlighting.css"/>
  </item>
  <item item-type="article-source">
    <instance media-type="application/javascript" xlink:href="source\\_freeze\\site_libs\\quarto-html\\quarto.js"/>
  </item>
  <item item-type="article-source">
    <instance media-type="text/css" xlink:href="source\\_freeze\\site_libs\\quarto-html\\tippy.css"/>
  </item>
  <item item-type="article-source">
    <instance media-type="application/javascript" xlink:href="source\\_freeze\\site_libs\\quarto-html\\tippy.umd.min.js"/>
  </item>
  <item item-type="article-source">
    <instance media-type="application/octet-stream" xlink:href="source\\_quarto.yml"/>
  </item>
  <item item-type="article-source">
    <instance media-type="image/png" xlink:href="source\\images\\la-palma-map.png"/>
  </item>
  <item item-type="article-source">
    <instance media-type="image/jpeg" xlink:href="source\\images\\rmse_slim_bycultivar.jpeg"/>
  </item>
  <item item-type="article-source">
    <instance media-type="application/octet-stream" xlink:href="source\\index.qmd"/>
  </item>
  <item item-type="article-source">
    <instance media-type="image/png" xlink:href="source\\index_files\\figure-ipynb\\notebooks-explore-earthquakes-fig-spatial-plot-output-1.png"/>
  </item>
  <item item-type="article-source">
    <instance media-type="application/octet-stream" xlink:href="source\\manuscript-template-rstudio.Rproj"/>
  </item>
  <item item-type="article-source">
    <instance media-type="application/octet-stream" xlink:href="source\\notebooks\\01-prepare-phenology.qmd"/>
  </item>
  <item item-type="article-source">
    <instance media-type="application/octet-stream" xlink:href="source\\notebooks\\02-calibrate-almond.qmd"/>
  </item>
  <item item-type="article-source">
    <instance media-type="application/octet-stream" xlink:href="source\\notebooks\\03-calibrate-apricot.qmd"/>
  </item>
  <item item-type="article-source">
    <instance media-type="application/octet-stream" xlink:href="source\\notebooks\\04-calibrate-cherry.qmd"/>
  </item>
  <item item-type="article-source">
    <instance media-type="application/octet-stream" xlink:href="source\\notebooks\\05-make-figures.qmd"/>
  </item>
  <item item-type="article-source">
    <instance media-type="application/octet-stream" xlink:href="source\\notebooks\\data\\cieza_clean.csv"/>
  </item>
  <item item-type="article-source">
    <instance media-type="application/octet-stream" xlink:href="source\\notebooks\\data\\cka_clean.csv"/>
  </item>
  <item item-type="article-source">
    <instance media-type="application/octet-stream" xlink:href="source\\notebooks\\data\\combined_phenological_data_adamedor_clean.csv"/>
  </item>
  <item item-type="article-source">
    <instance media-type="application/octet-stream" xlink:href="source\\notebooks\\data\\master_all.csv"/>
  </item>
  <item item-type="article-source">
    <instance media-type="application/octet-stream" xlink:href="source\\notebooks\\data\\master_almond.csv"/>
  </item>
  <item item-type="article-source">
    <instance media-type="application/octet-stream" xlink:href="source\\notebooks\\data\\master_apricot.csv"/>
  </item>
  <item item-type="article-source">
    <instance media-type="application/octet-stream" xlink:href="source\\notebooks\\data\\master_cherry.csv"/>
  </item>
  <item item-type="article-source">
    <instance media-type="application/octet-stream" xlink:href="source\\notebooks\\data\\meknes.csv"/>
  </item>
  <item item-type="article-source">
    <instance media-type="application/octet-stream" xlink:href="source\\notebooks\\data\\par-almond.csv"/>
  </item>
  <item item-type="article-source">
    <instance media-type="application/octet-stream" xlink:href="source\\notebooks\\data\\par-apricot.csv"/>
  </item>
  <item item-type="article-source">
    <instance media-type="application/octet-stream" xlink:href="source\\notebooks\\data\\par-cherry.csv"/>
  </item>
  <item item-type="article-source">
    <instance media-type="application/octet-stream" xlink:href="source\\notebooks\\data\\par_all_slim_paper.csv"/>
  </item>
  <item item-type="article-source">
    <instance media-type="application/octet-stream" xlink:href="source\\notebooks\\data\\predicted-observed.csv"/>
  </item>
  <item item-type="article-source">
    <instance media-type="application/octet-stream" xlink:href="source\\notebooks\\data\\response_df.csv"/>
  </item>
  <item item-type="article-source">
    <instance media-type="application/octet-stream" xlink:href="source\\notebooks\\data\\santomera.csv"/>
  </item>
  <item item-type="article-source">
    <instance media-type="application/octet-stream" xlink:href="source\\notebooks\\data\\sfax.csv"/>
  </item>
  <item item-type="article-source">
    <instance media-type="application/octet-stream" xlink:href="source\\notebooks\\data\\weather_stations.csv"/>
  </item>
  <item item-type="article-source">
    <instance media-type="application/octet-stream" xlink:href="source\\notebooks\\data\\zaragoza_clean.csv"/>
  </item>
  <item item-type="article-source">
    <instance media-type="application/octet-stream" xlink:href="source\\notebooks\\util\\split_pheno.R"/>
  </item>
  <item item-type="article-source">
    <instance media-type="application/octet-stream" xlink:href="source\\references.bib"/>
  </item>
  <item item-type="article-source-directory">
    <instance media-type="application/x-directory" xlink:href="source"/>
  </item>
</manifest>