"species","cultivar","location","flowering_f50","year","yday","split","ncal"
"Apricot","Henderson","Zaragoza","3/14/2006",2006,73,"Calibration","full"
"Apricot","Henderson","Zaragoza","3/16/2021",2021,75,"Calibration","full"
"Apricot","Henderson","Zaragoza","3/8/2019",2019,67,"Calibration","full"
"Apricot","Henderson","Zaragoza","3/15/2020",2020,75,"Calibration","full"
"Apricot","Henderson","Zaragoza","3/16/2012",2012,76,"Calibration","full"
"Apricot","Henderson","Zaragoza","3/9/1999",1999,68,"Calibration","full"
"Apricot","Henderson","Zaragoza","3/23/2004",2004,83,"Calibration","full"
"Apricot","Henderson","Zaragoza","3/18/2015",2015,77,"Calibration","full"
"Apricot","Henderson","Zaragoza","3/15/2001",2001,74,"Calibration","full"
"Apricot","Henderson","Zaragoza","3/17/2014",2014,76,"Calibration","full"
"Apricot","Henderson","Zaragoza","2/29/2000",2000,60,"Calibration","full"
"Apricot","Henderson","Zaragoza","3/25/2010",2010,84,"Calibration","full"
"Apricot","Henderson","Zaragoza","3/19/2003",2003,78,"Calibration","full"
"Apricot","Henderson","Zaragoza","3/21/2005",2005,80,"Calibration","full"
"Apricot","Henderson","Zaragoza","3/2/2002",2002,61,"Calibration","full"
"Apricot","Henderson","Zaragoza","3/18/2015",2015,77,"Calibration","scarce"
"Apricot","Henderson","Zaragoza","3/8/2019",2019,67,"Calibration","scarce"
"Apricot","Henderson","Zaragoza","3/15/2020",2020,75,"Calibration","scarce"
"Apricot","Henderson","Zaragoza","3/25/2010",2010,84,"Calibration","scarce"
"Apricot","Henderson","Zaragoza","3/16/2021",2021,75,"Calibration","scarce"
"Apricot","Henderson","Zaragoza","2/29/2000",2000,60,"Calibration","scarce"
"Apricot","Henderson","Zaragoza","3/15/2001",2001,74,"Calibration","scarce"
"Apricot","Henderson","Zaragoza","3/9/1999",1999,68,"Calibration","scarce"
"Apricot","Henderson","Zaragoza","3/17/2014",2014,76,"Calibration","scarce"
"Apricot","Henderson","Zaragoza","3/23/2004",2004,83,"Calibration","scarce"
"Apricot","Henderson","Zaragoza","3/11/2009",2009,70,"Validation","full"
"Apricot","Henderson","Zaragoza","3/11/2011",2011,70,"Validation","full"
"Apricot","Henderson","Zaragoza","3/23/2013",2013,82,"Validation","full"
"Apricot","Henderson","Zaragoza","3/2/2016",2016,62,"Validation","full"
"Apricot","Henderson","Zaragoza","3/3/2017",2017,62,"Validation","full"
"Apricot","Henderson","Zaragoza","3/20/2018",2018,79,"Validation","full"
"Apricot","Henderson","Zaragoza","3/2/2002",2002,61,"Validation","scarce"
"Apricot","Henderson","Zaragoza","3/19/2003",2003,78,"Validation","scarce"
"Apricot","Henderson","Zaragoza","3/21/2005",2005,80,"Validation","scarce"
"Apricot","Henderson","Zaragoza","3/14/2006",2006,73,"Validation","scarce"
"Apricot","Henderson","Zaragoza","3/11/2009",2009,70,"Validation","scarce"
"Apricot","Henderson","Zaragoza","3/11/2011",2011,70,"Validation","scarce"
"Apricot","Henderson","Zaragoza","3/16/2012",2012,76,"Validation","scarce"
"Apricot","Henderson","Zaragoza","3/23/2013",2013,82,"Validation","scarce"
"Apricot","Henderson","Zaragoza","3/2/2016",2016,62,"Validation","scarce"
"Apricot","Henderson","Zaragoza","3/3/2017",2017,62,"Validation","scarce"
"Apricot","Henderson","Zaragoza","3/20/2018",2018,79,"Validation","scarce"
"Apricot","Harcot","Zaragoza","3/19/2004",2004,79,"Calibration","full"
"Apricot","Harcot","Zaragoza","3/11/2013",2013,70,"Calibration","full"
"Apricot","Harcot","Zaragoza","2/29/2000",2000,60,"Calibration","full"
"Apricot","Harcot","Zaragoza","3/14/2012",2012,74,"Calibration","full"
"Apricot","Harcot","Zaragoza","3/18/2005",2005,77,"Calibration","full"
"Apricot","Harcot","Zaragoza","3/12/2003",2003,71,"Calibration","full"
"Apricot","Harcot","Zaragoza","3/7/2001",2001,66,"Calibration","full"
"Apricot","Harcot","Zaragoza","3/2/2022",2022,61,"Calibration","full"
"Apricot","Harcot","Zaragoza","3/6/2011",2011,65,"Calibration","full"
"Apricot","Harcot","Zaragoza","2/27/2016",2016,58,"Calibration","full"
"Apricot","Harcot","Zaragoza","2/28/2002",2002,59,"Calibration","full"
"Apricot","Harcot","Zaragoza","3/11/2018",2018,70,"Calibration","full"
"Apricot","Harcot","Zaragoza","2/25/2020",2020,56,"Calibration","full"
"Apricot","Harcot","Zaragoza","3/9/2009",2009,68,"Calibration","full"
"Apricot","Harcot","Zaragoza","3/3/2014",2014,62,"Calibration","full"
"Apricot","Harcot","Zaragoza","2/27/2017",2017,58,"Calibration","full"
"Apricot","Harcot","Zaragoza","3/11/2013",2013,70,"Calibration","scarce"
"Apricot","Harcot","Zaragoza","3/2/2022",2022,61,"Calibration","scarce"
"Apricot","Harcot","Zaragoza","2/25/2020",2020,56,"Calibration","scarce"
"Apricot","Harcot","Zaragoza","3/7/2001",2001,66,"Calibration","scarce"
"Apricot","Harcot","Zaragoza","2/27/2016",2016,58,"Calibration","scarce"
"Apricot","Harcot","Zaragoza","3/12/2003",2003,71,"Calibration","scarce"
"Apricot","Harcot","Zaragoza","3/11/2018",2018,70,"Calibration","scarce"
"Apricot","Harcot","Zaragoza","3/6/2011",2011,65,"Calibration","scarce"
"Apricot","Harcot","Zaragoza","3/9/2009",2009,68,"Calibration","scarce"
"Apricot","Harcot","Zaragoza","3/3/2014",2014,62,"Calibration","scarce"
"Apricot","Harcot","Zaragoza","3/9/1999",1999,68,"Validation","full"
"Apricot","Harcot","Zaragoza","3/11/2006",2006,70,"Validation","full"
"Apricot","Harcot","Zaragoza","3/17/2010",2010,76,"Validation","full"
"Apricot","Harcot","Zaragoza","3/13/2015",2015,72,"Validation","full"
"Apricot","Harcot","Zaragoza","3/4/2019",2019,63,"Validation","full"
"Apricot","Harcot","Zaragoza","2/24/2021",2021,55,"Validation","full"
"Apricot","Harcot","Zaragoza","3/9/1999",1999,68,"Validation","scarce"
"Apricot","Harcot","Zaragoza","2/29/2000",2000,60,"Validation","scarce"
"Apricot","Harcot","Zaragoza","2/28/2002",2002,59,"Validation","scarce"
"Apricot","Harcot","Zaragoza","3/19/2004",2004,79,"Validation","scarce"
"Apricot","Harcot","Zaragoza","3/18/2005",2005,77,"Validation","scarce"
"Apricot","Harcot","Zaragoza","3/11/2006",2006,70,"Validation","scarce"
"Apricot","Harcot","Zaragoza","3/17/2010",2010,76,"Validation","scarce"
"Apricot","Harcot","Zaragoza","3/14/2012",2012,74,"Validation","scarce"
"Apricot","Harcot","Zaragoza","3/13/2015",2015,72,"Validation","scarce"
"Apricot","Harcot","Zaragoza","2/27/2017",2017,58,"Validation","scarce"
"Apricot","Harcot","Zaragoza","3/4/2019",2019,63,"Validation","scarce"
"Apricot","Harcot","Zaragoza","2/24/2021",2021,55,"Validation","scarce"
"Apricot","Goldrich","Zaragoza","3/13/2004",2004,73,"Calibration","full"
"Apricot","Goldrich","Zaragoza","3/8/2018",2018,67,"Calibration","full"
"Apricot","Goldrich","Zaragoza","3/9/2012",2012,69,"Calibration","full"
"Apricot","Goldrich","Zaragoza","3/8/2006",2006,67,"Calibration","full"
"Apricot","Goldrich","Zaragoza","3/12/2015",2015,71,"Calibration","full"
"Apricot","Goldrich","Zaragoza","2/25/2014",2014,56,"Calibration","full"
"Apricot","Goldrich","Zaragoza","3/7/2001",2001,66,"Calibration","full"
"Apricot","Goldrich","Zaragoza","2/24/2016",2016,55,"Calibration","full"
"Apricot","Goldrich","Zaragoza","2/27/2002",2002,58,"Calibration","full"
"Apricot","Goldrich","Zaragoza","3/18/2005",2005,77,"Calibration","full"
"Apricot","Goldrich","Zaragoza","3/3/1999",1999,62,"Calibration","full"
"Apricot","Goldrich","Zaragoza","3/10/2013",2013,69,"Calibration","full"
"Apricot","Goldrich","Zaragoza","3/8/2003",2003,67,"Calibration","full"
"Apricot","Goldrich","Zaragoza","2/20/2021",2021,51,"Calibration","full"
"Apricot","Goldrich","Zaragoza","2/24/2017",2017,55,"Calibration","full"
"Apricot","Goldrich","Zaragoza","3/13/2004",2004,73,"Calibration","scarce"
"Apricot","Goldrich","Zaragoza","2/25/2014",2014,56,"Calibration","scarce"
"Apricot","Goldrich","Zaragoza","3/10/2013",2013,69,"Calibration","scarce"
"Apricot","Goldrich","Zaragoza","2/24/2017",2017,55,"Calibration","scarce"
"Apricot","Goldrich","Zaragoza","2/27/2002",2002,58,"Calibration","scarce"
"Apricot","Goldrich","Zaragoza","2/20/2021",2021,51,"Calibration","scarce"
"Apricot","Goldrich","Zaragoza","3/12/2015",2015,71,"Calibration","scarce"
"Apricot","Goldrich","Zaragoza","3/9/2012",2012,69,"Calibration","scarce"
"Apricot","Goldrich","Zaragoza","2/24/2016",2016,55,"Calibration","scarce"
"Apricot","Goldrich","Zaragoza","3/18/2005",2005,77,"Calibration","scarce"
"Apricot","Goldrich","Zaragoza","2/26/2000",2000,57,"Validation","full"
"Apricot","Goldrich","Zaragoza","3/2/2009",2009,61,"Validation","full"
"Apricot","Goldrich","Zaragoza","3/11/2010",2010,70,"Validation","full"
"Apricot","Goldrich","Zaragoza","3/2/2011",2011,61,"Validation","full"
"Apricot","Goldrich","Zaragoza","2/28/2019",2019,59,"Validation","full"
"Apricot","Goldrich","Zaragoza","2/20/2020",2020,51,"Validation","full"
"Apricot","Goldrich","Zaragoza","3/3/1999",1999,62,"Validation","scarce"
"Apricot","Goldrich","Zaragoza","2/26/2000",2000,57,"Validation","scarce"
"Apricot","Goldrich","Zaragoza","3/7/2001",2001,66,"Validation","scarce"
"Apricot","Goldrich","Zaragoza","3/8/2003",2003,67,"Validation","scarce"
"Apricot","Goldrich","Zaragoza","3/8/2006",2006,67,"Validation","scarce"
"Apricot","Goldrich","Zaragoza","3/2/2009",2009,61,"Validation","scarce"
"Apricot","Goldrich","Zaragoza","3/11/2010",2010,70,"Validation","scarce"
"Apricot","Goldrich","Zaragoza","3/2/2011",2011,61,"Validation","scarce"
"Apricot","Goldrich","Zaragoza","3/8/2018",2018,67,"Validation","scarce"
"Apricot","Goldrich","Zaragoza","2/28/2019",2019,59,"Validation","scarce"
"Apricot","Goldrich","Zaragoza","2/20/2020",2020,51,"Validation","scarce"
"Apricot","Sunglo","Zaragoza","3/9/2009",2009,68,"Calibration","full"
"Apricot","Sunglo","Zaragoza","3/25/2004",2004,85,"Calibration","full"
"Apricot","Sunglo","Zaragoza","3/6/2019",2019,65,"Calibration","full"
"Apricot","Sunglo","Zaragoza","3/20/2010",2010,79,"Calibration","full"
"Apricot","Sunglo","Zaragoza","3/15/2012",2012,75,"Calibration","full"
"Apricot","Sunglo","Zaragoza","3/2/2000",2000,62,"Calibration","full"
"Apricot","Sunglo","Zaragoza","3/21/2005",2005,80,"Calibration","full"
"Apricot","Sunglo","Zaragoza","3/13/1999",1999,72,"Calibration","full"
"Apricot","Sunglo","Zaragoza","3/8/2022",2022,67,"Calibration","full"
"Apricot","Sunglo","Zaragoza","3/11/2001",2001,70,"Calibration","full"
"Apricot","Sunglo","Zaragoza","2/26/2020",2020,57,"Calibration","full"
"Apricot","Sunglo","Zaragoza","3/11/2006",2006,70,"Calibration","full"
"Apricot","Sunglo","Zaragoza","3/14/2013",2013,73,"Calibration","full"
"Apricot","Sunglo","Zaragoza","3/16/2003",2003,75,"Calibration","full"
"Apricot","Sunglo","Zaragoza","3/18/2015",2015,77,"Calibration","full"
"Apricot","Sunglo","Zaragoza","3/20/2018",2018,79,"Calibration","full"
"Apricot","Sunglo","Zaragoza","3/11/2006",2006,70,"Calibration","scarce"
"Apricot","Sunglo","Zaragoza","3/25/2004",2004,85,"Calibration","scarce"
"Apricot","Sunglo","Zaragoza","3/16/2003",2003,75,"Calibration","scarce"
"Apricot","Sunglo","Zaragoza","3/18/2015",2015,77,"Calibration","scarce"
"Apricot","Sunglo","Zaragoza","3/11/2001",2001,70,"Calibration","scarce"
"Apricot","Sunglo","Zaragoza","3/13/1999",1999,72,"Calibration","scarce"
"Apricot","Sunglo","Zaragoza","3/6/2019",2019,65,"Calibration","scarce"
"Apricot","Sunglo","Zaragoza","3/2/2000",2000,62,"Calibration","scarce"
"Apricot","Sunglo","Zaragoza","3/9/2009",2009,68,"Calibration","scarce"
"Apricot","Sunglo","Zaragoza","3/20/2018",2018,79,"Calibration","scarce"
"Apricot","Sunglo","Zaragoza","3/4/2002",2002,63,"Validation","full"
"Apricot","Sunglo","Zaragoza","3/10/2011",2011,69,"Validation","full"
"Apricot","Sunglo","Zaragoza","3/16/2014",2014,75,"Validation","full"
"Apricot","Sunglo","Zaragoza","3/2/2016",2016,62,"Validation","full"
"Apricot","Sunglo","Zaragoza","3/3/2017",2017,62,"Validation","full"
"Apricot","Sunglo","Zaragoza","3/1/2021",2021,60,"Validation","full"
"Apricot","Sunglo","Zaragoza","3/4/2002",2002,63,"Validation","scarce"
"Apricot","Sunglo","Zaragoza","3/21/2005",2005,80,"Validation","scarce"
"Apricot","Sunglo","Zaragoza","3/20/2010",2010,79,"Validation","scarce"
"Apricot","Sunglo","Zaragoza","3/10/2011",2011,69,"Validation","scarce"
"Apricot","Sunglo","Zaragoza","3/15/2012",2012,75,"Validation","scarce"
"Apricot","Sunglo","Zaragoza","3/14/2013",2013,73,"Validation","scarce"
"Apricot","Sunglo","Zaragoza","3/16/2014",2014,75,"Validation","scarce"
"Apricot","Sunglo","Zaragoza","3/2/2016",2016,62,"Validation","scarce"
"Apricot","Sunglo","Zaragoza","3/3/2017",2017,62,"Validation","scarce"
"Apricot","Sunglo","Zaragoza","2/26/2020",2020,57,"Validation","scarce"
"Apricot","Sunglo","Zaragoza","3/1/2021",2021,60,"Validation","scarce"
"Apricot","Sunglo","Zaragoza","3/8/2022",2022,67,"Validation","scarce"
"Apricot","Bulida","Cieza","3/9/2015",2015,68,"Calibration","full"
"Apricot","Bulida","Cieza","3/4/2016",2016,64,"Calibration","full"
"Apricot","Bulida","Cieza","3/5/2015",2015,64,"Calibration","full"
"Apricot","Bulida","Cieza","3/21/2010",2010,80,"Calibration","full"
"Apricot","Bulida","Cieza","3/5/2014",2014,64,"Calibration","full"
"Apricot","Bulida","Cieza","3/9/2013",2013,68,"Calibration","full"
"Apricot","Bulida","Cieza","3/14/2012",2012,74,"Calibration","full"
"Apricot","Bulida","Cieza","3/6/2004",2004,66,"Calibration","full"
"Apricot","Bulida","Cieza","3/10/2006",2006,69,"Calibration","full"
"Apricot","Bulida","Cieza","3/12/2018",2018,71,"Calibration","full"
"Apricot","Bulida","Cieza","3/4/2011",2011,63,"Calibration","full"
"Apricot","Bulida","Cieza","3/8/2017",2017,67,"Calibration","full"
"Apricot","Bulida","Cieza","3/3/2020",2020,63,"Calibration","full"
"Apricot","Bulida","Cieza","3/14/2003",2003,73,"Calibration","full"
"Apricot","Bulida","Cieza","3/8/2019",2019,67,"Calibration","full"
"Apricot","Bulida","Cieza","3/5/2015",2015,64,"Calibration","scarce"
"Apricot","Bulida","Cieza","3/4/2016",2016,64,"Calibration","scarce"
"Apricot","Bulida","Cieza","3/12/2018",2018,71,"Calibration","scarce"
"Apricot","Bulida","Cieza","3/3/2020",2020,63,"Calibration","scarce"
"Apricot","Bulida","Cieza","3/8/2017",2017,67,"Calibration","scarce"
"Apricot","Bulida","Cieza","3/14/2003",2003,73,"Calibration","scarce"
"Apricot","Bulida","Cieza","3/21/2010",2010,80,"Calibration","scarce"
"Apricot","Bulida","Cieza","3/14/2012",2012,74,"Calibration","scarce"
"Apricot","Bulida","Cieza","3/8/2019",2019,67,"Calibration","scarce"
"Apricot","Bulida","Cieza","3/10/2006",2006,69,"Calibration","scarce"
"Apricot","Bulida","Cieza","3/4/2021",2021,63,"Validation","full"
"Apricot","Bulida","Cieza","3/8/2009",2009,67,"Validation","full"
"Apricot","Bulida","Cieza","3/3/2008",2008,63,"Validation","full"
"Apricot","Bulida","Cieza","3/1/2007",2007,60,"Validation","full"
"Apricot","Bulida","Cieza","3/20/2005",2005,79,"Validation","full"
"Apricot","Bulida","Cieza","3/8/2022",2022,67,"Validation","full"
"Apricot","Bulida","Cieza","3/4/2021",2021,63,"Validation","scarce"
"Apricot","Bulida","Cieza","3/8/2009",2009,67,"Validation","scarce"
"Apricot","Bulida","Cieza","3/3/2008",2008,63,"Validation","scarce"
"Apricot","Bulida","Cieza","3/1/2007",2007,60,"Validation","scarce"
"Apricot","Bulida","Cieza","3/20/2005",2005,79,"Validation","scarce"
"Apricot","Bulida","Cieza","3/6/2004",2004,66,"Validation","scarce"
"Apricot","Bulida","Cieza","3/8/2022",2022,67,"Validation","scarce"
"Apricot","Bulida","Cieza","3/4/2011",2011,63,"Validation","scarce"
"Apricot","Bulida","Cieza","3/9/2013",2013,68,"Validation","scarce"
"Apricot","Bulida","Cieza","3/5/2014",2014,64,"Validation","scarce"
"Apricot","Bulida","Cieza","3/9/2015",2015,68,"Validation","scarce"
"Apricot","Dorada","Cieza","3/28/2022",2022,87,"Calibration","full"
"Apricot","Dorada","Cieza","3/22/2003",2003,81,"Calibration","full"
"Apricot","Dorada","Cieza","3/5/2021",2021,64,"Calibration","full"
"Apricot","Dorada","Cieza","3/11/2011",2011,70,"Calibration","full"
"Apricot","Dorada","Cieza","3/22/2018",2018,81,"Calibration","full"
"Apricot","Dorada","Cieza","3/10/2008",2008,70,"Calibration","full"
"Apricot","Dorada","Cieza","3/8/2009",2009,67,"Calibration","full"
"Apricot","Dorada","Cieza","3/12/2015",2015,71,"Calibration","full"
"Apricot","Dorada","Cieza","4/2/2016",2016,93,"Calibration","full"
"Apricot","Dorada","Cieza","3/16/2007",2007,75,"Calibration","full"
"Apricot","Dorada","Cieza","3/12/2014",2014,71,"Calibration","full"
"Apricot","Dorada","Cieza","3/12/2017",2017,71,"Calibration","full"
"Apricot","Dorada","Cieza","3/26/2013",2013,85,"Calibration","full"
"Apricot","Dorada","Cieza","3/26/2010",2010,85,"Calibration","full"
"Apricot","Dorada","Cieza","3/19/2019",2019,78,"Calibration","full"
"Apricot","Dorada","Cieza","3/19/2019",2019,78,"Calibration","scarce"
"Apricot","Dorada","Cieza","3/12/2014",2014,71,"Calibration","scarce"
"Apricot","Dorada","Cieza","3/22/2018",2018,81,"Calibration","scarce"
"Apricot","Dorada","Cieza","3/8/2009",2009,67,"Calibration","scarce"
"Apricot","Dorada","Cieza","3/10/2008",2008,70,"Calibration","scarce"
"Apricot","Dorada","Cieza","3/11/2011",2011,70,"Calibration","scarce"
"Apricot","Dorada","Cieza","3/12/2015",2015,71,"Calibration","scarce"
"Apricot","Dorada","Cieza","3/26/2013",2013,85,"Calibration","scarce"
"Apricot","Dorada","Cieza","3/16/2007",2007,75,"Calibration","scarce"
"Apricot","Dorada","Cieza","3/22/2003",2003,81,"Calibration","scarce"
"Apricot","Dorada","Cieza","3/17/2021",2021,76,"Validation","full"
"Apricot","Dorada","Cieza","3/28/2004",2004,88,"Validation","full"
"Apricot","Dorada","Cieza","3/22/2005",2005,81,"Validation","full"
"Apricot","Dorada","Cieza","3/12/2006",2006,71,"Validation","full"
"Apricot","Dorada","Cieza","3/26/2012",2012,86,"Validation","full"
"Apricot","Dorada","Cieza","3/17/2021",2021,76,"Validation","scarce"
"Apricot","Dorada","Cieza","3/5/2021",2021,64,"Validation","scarce"
"Apricot","Dorada","Cieza","4/2/2016",2016,93,"Validation","scarce"
"Apricot","Dorada","Cieza","3/12/2017",2017,71,"Validation","scarce"
"Apricot","Dorada","Cieza","3/28/2004",2004,88,"Validation","scarce"
"Apricot","Dorada","Cieza","3/22/2005",2005,81,"Validation","scarce"
"Apricot","Dorada","Cieza","3/12/2006",2006,71,"Validation","scarce"
"Apricot","Dorada","Cieza","3/28/2022",2022,87,"Validation","scarce"
"Apricot","Dorada","Cieza","3/26/2010",2010,85,"Validation","scarce"
"Apricot","Dorada","Cieza","3/26/2012",2012,86,"Validation","scarce"
