"cultivar","location","yc","zc","s1","Tu","theta_star","theta_c","tau","pie_c","Tf","Tc","Tb","slope","fit","n_cal","species","E0","E1","A0","A1"
"Achaak","Santomera",11.85509711,226.7228149,0.95266446,16.86683387,279,286.3158443,39.01085907,31.92683947,4.584074707,36,10,1.948629166,"single","scarce","Almond",3531.81751942976,9354.6301560948,12142.3729299176,8252044010817.07
"Desmayo","Santomera",10.12487797,303.8115029,0.471710007,25.96092883,279,286.5853115,41.23470509,26.4133485,7.473867946,36,2.281818309,2.297573079,"single","scarce","Almond",3497.64076813121,7942.0220375489,10977.4047598648,59643502880.8926
"Fasciuneddu","Sfax",17.621845,163.4626078,1.19777377,26.09458718,279,286.3940941,43.70391153,27.15924498,7.187655819,36,4.087025281,1.90999468,"single","scarce","Almond",3612.88557551564,7559.07934233262,16422.4132649346,15831951804.258
"Ferragnes","Meknes",12.71630839,562.9459959,1.19663936,15.02641703,279,286.1062768,40.59998147,36.39449914,7.29320827,36,9.300132706,3.650757688,"single","scarce","Almond",3596.60299888677,9979.09695439026,14419.1874349266,70345353936615.9
"Marcona","Meknes",6.85409853,604.4530096,1.185233375,26.43857524,279,286.8922761,47.50630233,26.15139394,9.999992735,36,0.486209639,1.393906673,"single","scarce","Almond",3372.73040505281,7509.42517124835,6156.81364672715,11257465649.189
"Marta","Santomera",9.483847696,359.00706,1.118047371,29.54396899,279,286.0351189,37.0332288,31.43312897,2.061564718,36,3.662780226,2.350387764,"single","scarce","Almond",3700.41621305941,9386.62612324277,23882.0457707388,10270471053275.3
"Mazzetto","Sfax",14.30501232,395.1999875,1.2,28.74102792,279,286.6131987,39.46225675,27.2375944,9.14583574,36,0.104470288,1.354445899,"single","scarce","Almond",3448.47297523801,8431.84827364598,9249.52399344586,329037533942.679
"Nonpareil","Sfax",14.8561454,469.3402737,0.671863472,20.77845892,279,286.3785456,41.37757021,27.96051656,6.729237599,36,5.107883592,1.742477163,"single","scarce","Almond",3600.21417947753,8034.12746976972,15954.6466906873,84515943250.5375
"Tuono","Meknes",24.94679422,348.1589382,1.191028288,15.8931281,279,286.7049548,39.25183113,25.77131142,8.116715438,36,9.195869868,4.637990137,"single","scarce","Almond",3416.77276241544,8229.13033885717,8364.06002311567,162956844006.436
"Desmayo","Santomera",11.53007878,363.9795383,0.427499621,20.58756588,279,286.5429425,39.88184433,27.95147348,3.862073693,36,4.137051431,3.099342111,"single","full","Almond",3484.38317775375,8450.04916857819,10452.497395417,351040083400.862
"Fasciuneddu","Sfax",22.24901752,313.0910615,1.194799645,18.21879825,279,286.6167778,36.91328165,24.98993996,6.865587116,36,4.664780251,3.01222705,"single","full","Almond",3455.96375563919,8312.72314314373,10242.0771757686,234188600884.549
"Ferragnes","Meknes",20.86216608,544.7752612,0.100439653,22.75133773,279,286.464252,35.63491161,24.000242,6.388234979,36,0.002142558,2.939921353,"single","full","Almond",3550.47345123342,8106.6479016742,15303.9967981496,123651318246.752
"Marcona","Meknes",12.29744275,488.1372841,0.174542582,25.68080012,279,286.0641982,33.96543172,28.5140789,7.005763811,36,0.230843455,4.435352853,"single","full","Almond",3688.44447673855,9316.52943295889,24996.3516395646,8755363795884.57
"Mazzetto","Sfax",18.60346813,455.9636257,0.689445353,19.74846228,279,286.5791658,43.15534895,31.34553482,7.320612539,36,4.020248831,2.734330648,"single","full","Almond",3440.88011607092,8734.38794184651,8081.39691818014,850153801814.315
"Nonpareil","Sfax",10.39981597,454.189803,0.354672022,28.27979598,279,286.7038561,45.06117282,26.17672426,7.11331699,36,0.00684156,1.322520547,"single","full","Almond",3460.08714158257,7546.89323167181,8983.34344462299,13933731852.7026
"Tuono","Meknes",27.92171527,261.6161444,0.116958256,15.26169319,279,286.8898311,45.04230395,24.24486055,6.03941011,36,9.07364535,3.325589422,"single","full","Almond",3379.50062224947,7399.3037177892,6717.57077150792,8173336180.16086
"Achaak","Santomera",11.85509711,226.7228149,0.95266446,16.86683387,279,286.3158443,39.01085907,31.92683947,4.584074707,36,10,1.948629166,"single","full","Almond",3531.81751942976,9354.6301560948,12142.3729299176,8252044010817.07
"Marta","Santomera",9.483847696,359.00706,1.118047371,29.54396899,279,286.0351189,37.0332288,31.43312897,2.061564718,36,3.662780226,2.350387764,"single","full","Almond",3700.41621305941,9386.62612324277,23882.0457707388,10270471053275.3
"Achaak","Santomera",10.94966471,344.2037017,0.711414674,17.78183576,279,286.6261425,35.86396544,24.68918167,6.87125142,36,7.069172836,2.095792307,"combined","scarce","Almond",3441.78051528839,8430.20232412539,9927.62569971812,359150848987.314
"Desmayo","Santomera",10.582064,365.7724996,0.553561973,17.78183576,279,286.6261425,35.86396544,24.68918167,6.87125142,36,7.069172836,2.095792307,"combined","scarce","Almond",3441.78051528839,8430.20232412539,9927.62569971812,359150848987.314
"Fasciuneddu","Sfax",22.14882015,256.7956456,0.411219869,17.78183576,279,286.6261425,35.86396544,24.68918167,6.87125142,36,7.069172836,2.095792307,"combined","scarce","Almond",3441.78051528839,8430.20232412539,9927.62569971812,359150848987.314
"Ferragnes","Meknes",21.1023989,460.6526248,0.140892865,17.78183576,279,286.6261425,35.86396544,24.68918167,6.87125142,36,7.069172836,2.095792307,"combined","scarce","Almond",3441.78051528839,8430.20232412539,9927.62569971812,359150848987.314
"Marcona","Meknes",17.95553953,397.2798056,0.134231348,17.78183576,279,286.6261425,35.86396544,24.68918167,6.87125142,36,7.069172836,2.095792307,"combined","scarce","Almond",3441.78051528839,8430.20232412539,9927.62569971812,359150848987.314
"Marta","Santomera",15.96400896,438.6643437,0.630397287,17.78183576,279,286.6261425,35.86396544,24.68918167,6.87125142,36,7.069172836,2.095792307,"combined","scarce","Almond",3441.78051528839,8430.20232412539,9927.62569971812,359150848987.314
"Mazzetto","Sfax",23.48272561,406.5513085,0.952142297,17.78183576,279,286.6261425,35.86396544,24.68918167,6.87125142,36,7.069172836,2.095792307,"combined","scarce","Almond",3441.78051528839,8430.20232412539,9927.62569971812,359150848987.314
"Nonpareil","Sfax",21.07910244,437.1170359,1.017153162,17.78183576,279,286.6261425,35.86396544,24.68918167,6.87125142,36,7.069172836,2.095792307,"combined","scarce","Almond",3441.78051528839,8430.20232412539,9927.62569971812,359150848987.314
"Tuono","Meknes",23.54488199,430.7554045,0.873059603,17.78183576,279,286.6261425,35.86396544,24.68918167,6.87125142,36,7.069172836,2.095792307,"combined","scarce","Almond",3441.78051528839,8430.20232412539,9927.62569971812,359150848987.314
"Achaak","Santomera",8.13991996,449.0174583,0.985283619,15.11390929,279,286.7272547,36.81296305,24.91524565,7.403993009,36,8.177016965,3.827396862,"combined","full","Almond",3387.88084709388,8443.56166141615,7904.44200534675,359345212720.347
"Desmayo","Santomera",14.65433872,295.8047161,0.416772177,15.11390929,279,286.7272547,36.81296305,24.91524565,7.403993009,36,8.177016965,3.827396862,"combined","full","Almond",3387.88084709388,8443.56166141615,7904.44200534675,359345212720.347
"Fasciuneddu","Sfax",18.74555032,347.0957042,0.473458717,15.11390929,279,286.7272547,36.81296305,24.91524565,7.403993009,36,8.177016965,3.827396862,"combined","full","Almond",3387.88084709388,8443.56166141615,7904.44200534675,359345212720.347
"Ferragnes","Meknes",24.98087064,433.0313427,0.385117249,15.11390929,279,286.7272547,36.81296305,24.91524565,7.403993009,36,8.177016965,3.827396862,"combined","full","Almond",3387.88084709388,8443.56166141615,7904.44200534675,359345212720.347
"Marcona","Meknes",22.2062578,367.1270663,0.763014037,15.11390929,279,286.7272547,36.81296305,24.91524565,7.403993009,36,8.177016965,3.827396862,"combined","full","Almond",3387.88084709388,8443.56166141615,7904.44200534675,359345212720.347
"Marta","Santomera",15.38661162,478.5058464,0.520385512,15.11390929,279,286.7272547,36.81296305,24.91524565,7.403993009,36,8.177016965,3.827396862,"combined","full","Almond",3387.88084709388,8443.56166141615,7904.44200534675,359345212720.347
"Mazzetto","Sfax",21.59204296,475.1287907,0.39372071,15.11390929,279,286.7272547,36.81296305,24.91524565,7.403993009,36,8.177016965,3.827396862,"combined","full","Almond",3387.88084709388,8443.56166141615,7904.44200534675,359345212720.347
"Nonpareil","Sfax",15.79886029,484.6813928,0.207213942,15.11390929,279,286.7272547,36.81296305,24.91524565,7.403993009,36,8.177016965,3.827396862,"combined","full","Almond",3387.88084709388,8443.56166141615,7904.44200534675,359345212720.347
"Tuono","Meknes",26.17835416,414.7725441,0.465058613,15.11390929,279,286.7272547,36.81296305,24.91524565,7.403993009,36,8.177016965,3.827396862,"combined","full","Almond",3387.88084709388,8443.56166141615,7904.44200534675,359345212720.347
"Achaak","Santomera",11.50902541,246.2323211,0.164539506,25,NA,NA,NA,NA,4,36,4,1.6,"baseline","scarce","Almond",4153.5,12888.8,139500,2.567e+18
"Desmayo","Santomera",11.74331921,319.4815228,0.928036675,25,NA,NA,NA,NA,4,36,4,1.6,"baseline","scarce","Almond",4153.5,12888.8,139500,2.567e+18
"Fasciuneddu","Sfax",20.06774723,256.689137,0.235549533,25,NA,NA,NA,NA,4,36,4,1.6,"baseline","scarce","Almond",4153.5,12888.8,139500,2.567e+18
"Ferragnes","Meknes",25.89094075,364.7297385,0.100104244,25,NA,NA,NA,NA,4,36,4,1.6,"baseline","scarce","Almond",4153.5,12888.8,139500,2.567e+18
"Marcona","Meknes",9.278227555,562.5795223,1.191683056,25,NA,NA,NA,NA,4,36,4,1.6,"baseline","scarce","Almond",4153.5,12888.8,139500,2.567e+18
"Marta","Santomera",10.54223164,490.1539178,1.192677916,25,NA,NA,NA,NA,4,36,4,1.6,"baseline","scarce","Almond",4153.5,12888.8,139500,2.567e+18
"Mazzetto","Sfax",21.68496437,394.7940539,0.702427506,25,NA,NA,NA,NA,4,36,4,1.6,"baseline","scarce","Almond",4153.5,12888.8,139500,2.567e+18
"Nonpareil","Sfax",19.53959369,408.0424717,0.591212715,25,NA,NA,NA,NA,4,36,4,1.6,"baseline","scarce","Almond",4153.5,12888.8,139500,2.567e+18
"Tuono","Meknes",30.62370319,325.9745941,1.197762797,25,NA,NA,NA,NA,4,36,4,1.6,"baseline","scarce","Almond",4153.5,12888.8,139500,2.567e+18
"Desmayo","Santomera",11.62635909,297.77083,0.308962253,25,NA,NA,NA,NA,4,36,4,1.6,"baseline","full","Almond",4153.5,12888.8,139500,2.567e+18
"Fasciuneddu","Sfax",23.37627553,202.4761291,0.10139389,25,NA,NA,NA,NA,4,36,4,1.6,"baseline","full","Almond",4153.5,12888.8,139500,2.567e+18
"Ferragnes","Meknes",25.39541583,315.6947409,0.1,25,NA,NA,NA,NA,4,36,4,1.6,"baseline","full","Almond",4153.5,12888.8,139500,2.567e+18
"Marcona","Meknes",18.28961769,308.7580561,0.100563573,25,NA,NA,NA,NA,4,36,4,1.6,"baseline","full","Almond",4153.5,12888.8,139500,2.567e+18
"Mazzetto","Sfax",20.40595066,381.4841911,0.238079197,25,NA,NA,NA,NA,4,36,4,1.6,"baseline","full","Almond",4153.5,12888.8,139500,2.567e+18
"Nonpareil","Sfax",20.88082771,356.9580593,1.192673957,25,NA,NA,NA,NA,4,36,4,1.6,"baseline","full","Almond",4153.5,12888.8,139500,2.567e+18
"Tuono","Meknes",28.1293801,290.5134224,0.100108719,25,NA,NA,NA,NA,4,36,4,1.6,"baseline","full","Almond",4153.5,12888.8,139500,2.567e+18
"Achaak","Santomera",11.50902541,246.2323211,0.164539506,25,NA,NA,NA,NA,4,36,4,1.6,"baseline","full","Almond",4153.5,12888.8,139500,2.567e+18
"Marta","Santomera",10.54223164,490.1539178,1.192677916,25,NA,NA,NA,NA,4,36,4,1.6,"baseline","full","Almond",4153.5,12888.8,139500,2.567e+18
"Henderson","Zaragoza",42.1927570228329,237.119438203603,0.693881424346654,15.7495412102924,279,286.212813800418,40.6146168798729,25.5494560766514,6.97875238851479,36,7.68467311618944,3.4807896972374,"combined","full","Apricot",3708.54458238249,7441.94033717085,25571.2743299927,11823442216.014
"Harcot","Zaragoza",30.3354755919609,276.256184692371,0.54067052290095,15.7495412102924,279,286.212813800418,40.6146168798729,25.5494560766514,6.97875238851479,36,7.68467311618944,3.4807896972374,"combined","full","Apricot",3708.54458238249,7441.94033717085,25571.2743299927,11823442216.014
"Goldrich","Zaragoza",32.1587469758902,244.738058364451,0.595770803212837,15.7495412102924,279,286.212813800418,40.6146168798729,25.5494560766514,6.97875238851479,36,7.68467311618944,3.4807896972374,"combined","full","Apricot",3708.54458238249,7441.94033717085,25571.2743299927,11823442216.014
"Sunglo","Zaragoza",35.6964763618308,265.448929795183,0.319273723637875,15.7495412102924,279,286.212813800418,40.6146168798729,25.5494560766514,6.97875238851479,36,7.68467311618944,3.4807896972374,"combined","full","Apricot",3708.54458238249,7441.94033717085,25571.2743299927,11823442216.014
"Búlida","Cieza",28.1644401303869,387.929610608822,0.288674656666036,15.7495412102924,279,286.212813800418,40.6146168798729,25.5494560766514,6.97875238851479,36,7.68467311618944,3.4807896972374,"combined","full","Apricot",3708.54458238249,7441.94033717085,25571.2743299927,11823442216.014
"Dorada","Cieza",34.5558174245389,419.199937293053,0.452253203882871,15.7495412102924,279,286.212813800418,40.6146168798729,25.5494560766514,6.97875238851479,36,7.68467311618944,3.4807896972374,"combined","full","Apricot",3708.54458238249,7441.94033717085,25571.2743299927,11823442216.014
"Henderson","Zaragoza",46.3791280000072,275.276107929893,0.95465597799574,17.1354830450055,279,286.584327125093,44.4394741711019,28.042522026582,4.6117711297383,36,5.85650713098679,4.66667999641703,"combined","scarce","Apricot",3503.22284875597,7854.68308808908,10465.2129207415,41116926969.3338
"Harcot","Zaragoza",33.9138081232235,288.621956219589,0.414975601256371,17.1354830450055,279,286.584327125093,44.4394741711019,28.042522026582,4.6117711297383,36,5.85650713098679,4.66667999641703,"combined","scarce","Apricot",3503.22284875597,7854.68308808908,10465.2129207415,41116926969.3338
"Goldrich","Zaragoza",34.037004386992,263.906066516956,0.370559375475565,17.1354830450055,279,286.584327125093,44.4394741711019,28.042522026582,4.6117711297383,36,5.85650713098679,4.66667999641703,"combined","scarce","Apricot",3503.22284875597,7854.68308808908,10465.2129207415,41116926969.3338
"Sunglo","Zaragoza",29.3301087379684,382.976624608362,1.01361749960063,17.1354830450055,279,286.584327125093,44.4394741711019,28.042522026582,4.6117711297383,36,5.85650713098679,4.66667999641703,"combined","scarce","Apricot",3503.22284875597,7854.68308808908,10465.2129207415,41116926969.3338
"Búlida","Cieza",30.2338879086402,402.72619975033,0.313347942565109,17.1354830450055,279,286.584327125093,44.4394741711019,28.042522026582,4.6117711297383,36,5.85650713098679,4.66667999641703,"combined","scarce","Apricot",3503.22284875597,7854.68308808908,10465.2129207415,41116926969.3338
"Dorada","Cieza",34.9554339243149,454.410857757012,0.490549755205705,17.1354830450055,279,286.584327125093,44.4394741711019,28.042522026582,4.6117711297383,36,5.85650713098679,4.66667999641703,"combined","scarce","Apricot",3503.22284875597,7854.68308808908,10465.2129207415,41116926969.3338
"Henderson","Zaragoza",46.3082573597354,187.908687583467,0.52275226023155,24.3847879424084,279,286.373511180253,43.6446818259653,39.3443228333042,4.59635140430607,36,3.86791301768152,4.83968008492839,"single","full","Apricot",3389.65113239643,10321.4419238547,6153.04923557801,200156748663242
"Harcot","Zaragoza",37.2167802983114,142.689528817244,0.311265467620934,25.2616134669046,279,286.179820966581,37.592494734708,26.3076079524551,4.40671538570427,36,5.78136652277961,2.59149635392969,"single","full","Apricot",3707.26076320894,8052.36129150901,26179.0481907467,102777014590.575
"Goldrich","Zaragoza",44.1915332570514,113.278838523227,0.167106579976094,21.8290586563658,279,286.0098476072,34.6313191231152,26.2731317965734,2.22287035824051,36,7.4619888582463,2.64065299537705,"single","full","Apricot",3784.59147332283,8447.72737804027,36908.3227499421,444538260091.12
"Sunglo","Zaragoza",44.3730243243532,207.73694063815,0.570482402053147,21.8435559019471,279,286.558184663307,43.3595064963339,31.4026225932248,2.61347364581407,36,5.05138198602283,2.92414711574945,"single","full","Apricot",3456.22884044072,8689.71782075768,8537.44794732699,729398167585.856
"Búlida","Cieza",32.315264780262,438.777164391293,0.229179115623009,23.5909692645329,279,286.091051391369,38.5567849201852,26.5672731700314,2.90356533830605,36,0.821409977412993,3.40426772974591,"single","full","Apricot",3763.52769078243,7866.62193041096,31960.1587129191,54103396717.3282
"Dorada","Cieza",22.9032136654044,445.130120117578,0.685358506097583,23.696658844118,279,286.527753013831,46.1850596444955,32.0915321470415,7.71655136001353,36,3.06042686408717,1.30361924719642,"single","full","Apricot",3498.19352713808,8376.22562432936,9545.89009810819,236332810975.062
"Henderson","Zaragoza",46.5744994690749,185.956323162979,0.932750025976557,22.7923506279833,279,286.554466734917,44.8625978261674,28.7817105656667,4.66244395839146,36,5.07542988133843,3.78638700145035,"single","scarce","Apricot",3514.9475020864,7915.77379641703,10784.7436224787,50418215173.8281
"Harcot","Zaragoza",37.0019702092932,200.2729666548,0.277653612890444,22.8688678370919,279,286.023268321165,38.4451328816758,24.3913176518911,3.97724846824705,36,4.89184230495304,4.97084351179141,"single","scarce","Apricot",3807.90787528543,7310.45123426327,39749.5184339898,8270921999.52021
"Goldrich","Zaragoza",39.763348514503,165.19986873853,0.308660315620033,16.3878652462129,279,286.291979481643,32.4347611822291,26.0358897852571,2.54677411924003,36,9.99407084157857,1.57530366620895,"single","scarce","Apricot",3563.83259802063,9167.74814382929,16602.011766531,5261335927971.41
"Sunglo","Zaragoza",64.6597033133405,222.655285740974,1.19326570698405,18.7271499762233,279,286.172876769285,32.1992654451912,28.7876009311904,2.39578436991373,36,5.69048068819559,4.09439350095234,"single","scarce","Apricot",3549.71190537021,10020.2489587645,15256.8863848488,100720894438170
"Búlida","Cieza",33.954490912287,406.196989532493,0.157449428227309,22.1752480758055,279,286.401956181342,37.120241790154,29.5295890481406,6.46847766829212,36,1.17706595621853,3.97264162637791,"single","scarce","Apricot",3495.15688676777,9214.22012531973,11213.3743679542,5272481908894.92
"Dorada","Cieza",33.2848160626933,386.595524139931,0.68695480741292,18.0608778040766,279,286.336545412896,43.8891391750793,34.6798786157837,5.24692919540602,36,6.82991460248647,3.96882361633885,"single","scarce","Apricot",3545.04655314232,9088.43300067701,11488.6121901306,2938147821554.91
"Henderson","Zaragoza",69.3980778240546,178.104619505262,1.2,25,NA,NA,NA,NA,4,36,4,1.6,"baseline","full","Apricot",4153.5,12888.8,139500,2.567e+18
"Harcot","Zaragoza",45.7338696517486,213.335739968577,0.545326871917961,25,NA,NA,NA,NA,4,36,4,1.6,"baseline","full","Apricot",4153.5,12888.8,139500,2.567e+18
"Goldrich","Zaragoza",47.0922652859225,199.122495082139,0.402987138512803,25,NA,NA,NA,NA,4,36,4,1.6,"baseline","full","Apricot",4153.5,12888.8,139500,2.567e+18
"Sunglo","Zaragoza",61.0721434891261,195.944003281951,1.18509009488234,25,NA,NA,NA,NA,4,36,4,1.6,"baseline","full","Apricot",4153.5,12888.8,139500,2.567e+18
"Búlida","Cieza",37.1520298641494,289.321245739675,0.100810292106468,25,NA,NA,NA,NA,4,36,4,1.6,"baseline","full","Apricot",4153.5,12888.8,139500,2.567e+18
"Dorada","Cieza",43.0891383827512,360.679394637589,0.291566317183423,25,NA,NA,NA,NA,4,36,4,1.6,"baseline","full","Apricot",4153.5,12888.8,139500,2.567e+18
"Henderson","Zaragoza",69.6087977127177,185.32194957894,0.577131940248024,25,NA,NA,NA,NA,4,36,4,1.6,"baseline","scarce","Apricot",4153.5,12888.8,139500,2.567e+18
"Harcot","Zaragoza",46.1432647762036,208.963646502709,0.508530511171789,25,NA,NA,NA,NA,4,36,4,1.6,"baseline","scarce","Apricot",4153.5,12888.8,139500,2.567e+18
"Goldrich","Zaragoza",46.7962165274964,190.523550252802,0.375705279891111,25,NA,NA,NA,NA,4,36,4,1.6,"baseline","scarce","Apricot",4153.5,12888.8,139500,2.567e+18
"Sunglo","Zaragoza",67.621771973995,183.82715415603,0.688916133271411,25,NA,NA,NA,NA,4,36,4,1.6,"baseline","scarce","Apricot",4153.5,12888.8,139500,2.567e+18
"Búlida","Cieza",36.8207117089417,291.116684767278,0.10100884350967,25,NA,NA,NA,NA,4,36,4,1.6,"baseline","scarce","Apricot",4153.5,12888.8,139500,2.567e+18
"Dorada","Cieza",43.9631302663272,344.265057556781,0.260058980233873,25,NA,NA,NA,NA,4,36,4,1.6,"baseline","scarce","Apricot",4153.5,12888.8,139500,2.567e+18
"Rainier","Zaragoza",58.8696162332344,275.341041276554,0.10030687815936,18.1372455052887,279,286.257057726426,39.0019589396963,31.7335148701494,5.11336729851812,36,4.33276173893205,2.36516681208473,"combined","full","Sweet Cherry",3577.57244625755,9242.66482707034,14474.3769237371,5693595446653.71
"Sam","Zaragoza",49.7283748206504,553.017074544853,1.18690447752528,18.1372455052887,279,286.257057726426,39.0019589396963,31.7335148701494,5.11336729851812,36,4.33276173893205,2.36516681208473,"combined","full","Sweet Cherry",3577.57244625755,9242.66482707034,14474.3769237371,5693595446653.71
"Van","Zaragoza",41.5681926359619,516.418388009273,0.17611331100141,18.1372455052887,279,286.257057726426,39.0019589396963,31.7335148701494,5.11336729851812,36,4.33276173893205,2.36516681208473,"combined","full","Sweet Cherry",3577.57244625755,9242.66482707034,14474.3769237371,5693595446653.71
"Burlat","Klein-Altendorf",28.2255343299625,398.825781721091,0.197982708527213,18.1372455052887,279,286.257057726426,39.0019589396963,31.7335148701494,5.11336729851812,36,4.33276173893205,2.36516681208473,"combined","full","Sweet Cherry",3577.57244625755,9242.66482707034,14474.3769237371,5693595446653.71
"Regina","Klein-Altendorf",59.8062007039278,358.073045879606,0.835349375062533,18.1372455052887,279,286.257057726426,39.0019589396963,31.7335148701494,5.11336729851812,36,4.33276173893205,2.36516681208473,"combined","full","Sweet Cherry",3577.57244625755,9242.66482707034,14474.3769237371,5693595446653.71
"Schneiders","Klein-Altendorf",68.775451744565,276.669879016432,0.209435200513852,18.1372455052887,279,286.257057726426,39.0019589396963,31.7335148701494,5.11336729851812,36,4.33276173893205,2.36516681208473,"combined","full","Sweet Cherry",3577.57244625755,9242.66482707034,14474.3769237371,5693595446653.71
"Rainier","Zaragoza",45.8979292587421,509.274199376566,0.316931562755443,18.2529709689573,279,286.38401103134,38.7666363052708,32.4306383376219,3.54193154825791,36,3.98438158699377,3.8686930517725,"combined","scarce","Sweet Cherry",3463.98912139008,9619.54123595624,9384.65817769083,20284558453192.9
"Sam","Zaragoza",52.090747071214,537.501957216004,0.27111316231631,18.2529709689573,279,286.38401103134,38.7666363052708,32.4306383376219,3.54193154825791,36,3.98438158699377,3.8686930517725,"combined","scarce","Sweet Cherry",3463.98912139008,9619.54123595624,9384.65817769083,20284558453192.9
"Van","Zaragoza",51.4377447847217,513.053632785178,0.682611073820346,18.2529709689573,279,286.38401103134,38.7666363052708,32.4306383376219,3.54193154825791,36,3.98438158699377,3.8686930517725,"combined","scarce","Sweet Cherry",3463.98912139008,9619.54123595624,9384.65817769083,20284558453192.9
"Burlat","Klein-Altendorf",77.0117014168779,260.185828439956,1.18961605880784,18.2529709689573,279,286.38401103134,38.7666363052708,32.4306383376219,3.54193154825791,36,3.98438158699377,3.8686930517725,"combined","scarce","Sweet Cherry",3463.98912139008,9619.54123595624,9384.65817769083,20284558453192.9
"Regina","Klein-Altendorf",75.4493306004388,338.67600231531,1.19110278137974,18.2529709689573,279,286.38401103134,38.7666363052708,32.4306383376219,3.54193154825791,36,3.98438158699377,3.8686930517725,"combined","scarce","Sweet Cherry",3463.98912139008,9619.54123595624,9384.65817769083,20284558453192.9
"Schneiders","Klein-Altendorf",76.1397621400376,307.609079953563,1.17920837723428,18.2529709689573,279,286.38401103134,38.7666363052708,32.4306383376219,3.54193154825791,36,3.98438158699377,3.8686930517725,"combined","scarce","Sweet Cherry",3463.98912139008,9619.54123595624,9384.65817769083,20284558453192.9
"Rainier","Zaragoza",38.6516639749668,285.397969445451,0.393783542303905,17.588912310927,279,286.682807950054,38.7292925026547,24.0028337462507,9.99362183996435,36,8.25514131386474,2.61237950496186,"single","full","Sweet Cherry",3452.96366680134,7868.06269872495,9938.92710994639,48501251915.1287
"Sam","Zaragoza",44.7786935882394,499.7442364168,0.990910185254251,15.2707106193568,279,286.013001079928,46.9838431875096,31.9399014916606,2.02494356070782,36,7.0453358777988,4.91561729986815,"single","full","Sweet Cherry",3810.51711579429,7709.15014206162,31688.6037656004,26348488812.8845
"Van","Zaragoza",55.3239363932991,374.379782548341,0.7119439994947,21.6364729855073,279,286.498778895358,37.4145838175422,30.6342736673985,3.06681632763144,36,4.57663315452775,4.21879469576835,"single","full","Sweet Cherry",3402.8407813039,9563.5488162025,7770.51112229069,16954032038064.9
"Burlat","Klein-Altendorf",67.5290888173912,248.205276691392,1.0625,20.3449139395934,279,286.434199144287,45.5516476208985,33.7225666386593,2.71631712596231,36,3.13222861743573,2.61985164203662,"single","full","Sweet Cherry",3523.22236709471,8703.54863073959,10421.5309368776,745410558817.698
"Regina","Klein-Altendorf",64.8139744697025,217.624961320376,0.360901869162722,24.1986632110751,279,286.390532651606,44.3864754738118,38.875471785498,2.45702767432128,36,3.97979339734724,4.06290676501018,"single","full","Sweet Cherry",3411.42757244856,10052.087147159,6625.47089327034,77873259687492.3
"Schneiders","Klein-Altendorf",78.9437263517407,173.780708348749,0.173879320721594,29.7708330948531,279,286.092072885285,38.6845436464297,34.7880191234961,2.01598511612088,36,1.84930877150274,1.39876568155595,"single","full","Sweet Cherry",3603.77371125184,9997.22403915379,15528.302035917,78800983354413.8
"Rainier","Zaragoza",45.1828759201846,410.570094279687,1.10567247493693,19.778628875289,279,286.558236750368,44.6563729992981,27.2305216078193,3.54886243313316,36,4.55225542692567,4.02399220600152,"single","scarce","Sweet Cherry",3527.42141114883,7634.58952129626,11591.5093522258,19443526996.319
"Sam","Zaragoza",44.2164975159209,362.400592567694,0.220442754246577,23.9155305810493,279,286.502626543354,45.6159892013998,35.4773115422146,4.78653624551677,36,3.57853073706593,2.40207686422725,"single","scarce","Sweet Cherry",3444.01746307986,9149.0943119623,7570.44206352075,3366290073219.08
"Van","Zaragoza",53.8710912106212,366.846702919332,0.514579186960181,21.7395551551441,279,286.434574452695,37.5228403843524,31.6174519498832,2.00003924329425,36,5.06852120894224,4.99778876718468,"single","scarce","Sweet Cherry",3420.72130333849,9740.92736006997,8215.78257859822,31433871855640.8
"Burlat","Klein-Altendorf",75.6198982399459,167.141145581975,0.659717070475605,27.1761640394614,279,286.122007543742,37.5135070503385,34.6039552744991,4.78118515324961,36,2.0400005264342,3.51989964625435,"single","scarce","Sweet Cherry",3551.41467690753,10294.5510155506,13032.7414681265,223977340668319
"Regina","Klein-Altendorf",74.465772991774,182.079089269224,0.185609155400965,23.4126777972512,279,286.13130632679,38.4823924001671,32.3285085250669,2.06855709898139,36,5.40599730165681,4.0697910151812,"single","scarce","Sweet Cherry",3640.2198612256,9389.08787430769,18377.0270881019,9772264902394.7
"Schneiders","Klein-Altendorf",67.2421352770013,141.270940913615,0.744338415399078,28.3051126967288,279,286.18664401211,46.724684564629,32.6018283879294,3.10382902461653,36,3.53336497937906,4.10449713245903,"single","scarce","Sweet Cherry",3704.05718755005,8039.90648682402,20830.3429137401,79148450206.5125
"Rainier","Zaragoza",63.1645093726252,271.001014997155,0.1,25,NA,NA,NA,NA,4,36,4,1.6,"baseline","full","Sweet Cherry",4153.5,12888.8,139500,2.567e+18
"Sam","Zaragoza",66.4585842933448,381.637222191362,1.17993668373185,25,NA,NA,NA,NA,4,36,4,1.6,"baseline","full","Sweet Cherry",4153.5,12888.8,139500,2.567e+18
"Van","Zaragoza",64.4430918584821,343.833630475493,1.19399132467458,25,NA,NA,NA,NA,4,36,4,1.6,"baseline","full","Sweet Cherry",4153.5,12888.8,139500,2.567e+18
"Burlat","Klein-Altendorf",80,170.809832213625,0.103086576898612,25,NA,NA,NA,NA,4,36,4,1.6,"baseline","full","Sweet Cherry",4153.5,12888.8,139500,2.567e+18
"Regina","Klein-Altendorf",80,215.791917273279,0.1,25,NA,NA,NA,NA,4,36,4,1.6,"baseline","full","Sweet Cherry",4153.5,12888.8,139500,2.567e+18
"Schneiders","Klein-Altendorf",80,204.67226105259,0.10021554231659,25,NA,NA,NA,NA,4,36,4,1.6,"baseline","full","Sweet Cherry",4153.5,12888.8,139500,2.567e+18
"Rainier","Zaragoza",62.6093004802706,314.845673447843,1.2,25,NA,NA,NA,NA,4,36,4,1.6,"baseline","scarce","Sweet Cherry",4153.5,12888.8,139500,2.567e+18
"Sam","Zaragoza",68.49195528345,366.330308315761,1.1933231714052,25,NA,NA,NA,NA,4,36,4,1.6,"baseline","scarce","Sweet Cherry",4153.5,12888.8,139500,2.567e+18
"Van","Zaragoza",64.8686878504986,344.388701783175,1.17835103885027,25,NA,NA,NA,NA,4,36,4,1.6,"baseline","scarce","Sweet Cherry",4153.5,12888.8,139500,2.567e+18
"Burlat","Klein-Altendorf",80,165.384275403911,0.1,25,NA,NA,NA,NA,4,36,4,1.6,"baseline","scarce","Sweet Cherry",4153.5,12888.8,139500,2.567e+18
"Regina","Klein-Altendorf",20.2316807168833,358.617405272791,1.15108807553042,25,NA,NA,NA,NA,4,36,4,1.6,"baseline","scarce","Sweet Cherry",4153.5,12888.8,139500,2.567e+18
"Schneiders","Klein-Altendorf",61.4287329992422,235.571847710625,1.19431714825939,25,NA,NA,NA,NA,4,36,4,1.6,"baseline","scarce","Sweet Cherry",4153.5,12888.8,139500,2.567e+18
